<class name="SpotlightButtons">

        <view name="spot1lightincrease" x="45" y="105" resource="../../images/rewardapp/spot1increaselight.png"
              visible="false"/>
        <view name="spot1lightdefault" x="45" y="105" resource="../../images/rewardapp/spot1defaultlight.png"
              visible="true"/>

        <view name="spotlight1button" x="34" y="63" resource="spot1"
              onmouseover="setResourceNumber(2); parent.spot1lightincrease.setVisible(true)"
              onmouseout="setResourceNumber(1);  parent.spot1lightincrease.setVisible(false)"
              onmousedown="setResourceNumber(3)"
              onmouseup="setResourceNumber(2); this.parent.parent.turnOffLights(); myBackgroundPopup.open();"/>

        <view name="spot2lightincrease" x="180" y="85" resource="../../images/rewardapp/spot2increaselight.png"
              visible="false"/>
        <view name="spot2lightdefault" x="180" y="85" resource="../../images/rewardapp/spot2defaultlight.png"
              visible="true"/>

        <view name="spotlight2button" x="170" y="28" resource="spot2"
              onmouseover="setResourceNumber(2); parent.spot2lightincrease.setVisible(true)"
              onmouseout="setResourceNumber(1);  parent.spot2lightincrease.setVisible(false)"
              onmousedown="setResourceNumber(3)"
              onmouseup="setResourceNumber(2); this.parent.parent.turnOffLights(); myStarPopup.open()">
        </view>

        <view name="spot3lightincrease" x="290" y="80" resource="../../images/rewardapp/spot3increaselight.png"
              visible="false"/>
        <view name="spot3lightdefault" x="290" y="80" resource="../../images/rewardapp/spot3defaultlight.png"
              visible="true"/>

        <view name="spotlight3button" x="342" y="13" resource="spot3"
              onmouseover="setResourceNumber(2); parent.spot3lightincrease.setVisible(true)"
              onmouseout="setResourceNumber(1);  parent.spot3lightincrease.setVisible(false)"
              onmousedown="setResourceNumber(3)"
              onmouseup="setResourceNumber(2); this.parent.parent.turnOffLights(); myLetterPopup.open()"/>

        <view name="spot4lightincrease" x="410" y="110" resource="../../images/rewardapp/spot4increaselight.png"
              visible="false"/>
        <view name="spot4lightdefault" x="410" y="110" resource="../../images/rewardapp/spot4defaultlight.png"
              visible="true"/>

        <view name="spotlight4button" x="500" y="43" resource="spot4">

            <method event="onmouseover">
                setResourceNumber(2); parent.spot4lightincrease.setVisible(true);

            </method>

            <method event="onmouseout">
                setResourceNumber(1); parent.spot4lightincrease.setVisible(false);

            </method>

            <method event="onmousedown">
                setResourceNumber(3);
            </method>

            <method event="onmouseup">
                setResourceNumber(2);
                this.parent.parent.turnOffLights();
                myScenePopup.open();
            </method>

        </view>



    <view name="spot1icon" x="535" y="82" resource="printableIcon" visible="true"/>
    <view name="spot2icon" x="535" y="82" resource="printableIcon" visible="true"/>
    <view name="spot3icon" x="535" y="82" resource="printableIcon" visible="true"/>
    <view name="spot4icon" x="535" y="82" resource="printableIcon" visible="true"/>

    <view name="spot5icon" x="535" y="82" resource="printableIcon" visible="true"/>

    <view name="spot5lightincrease" x="490" y="160" resource="../../images/rewardapp/spot5increaselight.png"
          visible="false"/>
    <view name="spot5lightdefault" x="490" y="160" resource="../../images/rewardapp/spot5defaultlight.png"
          visible="true"/>

    <view name="spotlight5button" x="619" y="114" resource="spot5"
          onmouseover="setResourceNumber(2); parent.spot5lightincrease.setVisible(true)"
          onmouseout="setResourceNumber(1);  parent.spot5lightincrease.setVisible(false)"
          onmousedown="setResourceNumber(3)"
          onmouseup="setResourceNumber(2); this.parent.parent.turnOffLights(); myStampPopup.open()"/>

</class>
    